Name,Location,Status,Capacity
Lot1,Keele Campus,Enabled,100
Lot2,Keele Campus,Enabled,100
New Lot,New Location,Enabled,100
Test Lookup,Test Location,Enabled,100
Test Lot,Keele Camplus,Enabled,100
Test Lot,Keele Camplus,Enabled,100
Test Lot,Keele Camplus,Enabled,100
Test Lot,Keele Camplus,Enabled,100
Test Lot,Keele Camplus,Enabled,100
Test Lot,Keele Camplus,Enabled,100
Test Lot,Keele Camplus,Enabled,100
Test Lot,Keele Camplus,Enabled,100
Test Lot,Keele Camplus,Enabled,100
Test Lot,Keele Camplus,Enabled,100
Test Lot,Keele Camplus,Enabled,100
Test Lot,Keele Camplus,Enabled,100
Test Lot,Keele Camplus,Enabled,100
Test Lot,Keele Camplus,Enabled,100
Test Lot,Keele Camplus,Enabled,100
Test Lot,Keele Camplus,Enabled,100
Test Lot,Keele Camplus,Enabled,100
Test Lot,Keele Camplus,Enabled,100
Test Lot,Keele Camplus,Enabled,100
Test Lot,Keele Camplus,Enabled,100
Test Lot,Keele Camplus,Enabled,100
Test Lot,Keele Camplus,Enabled,100
Test Lot,Keele Camplus,Enabled,100
Test Lot,Keele Camplus,Enabled,100
Test Lot,Keele Camplus,Enabled,100
Test Lot,Keele Camplus,Enabled,100
Test Lot,Keele Camplus,Enabled,100
New Lot,New Location,Enabled,100
Test Lookup,Test Location,Enabled,100
Test Lot,Keele Camplus,Enabled,100
Test Lot,Keele Camplus,Enabled,100
Test Lot,Keele Camplus,Enabled,100
Test Lot,Keele Camplus,Enabled,100
Test Lot,Keele Camplus,Enabled,100
Test Lot,Keele Camplus,Enabled,100
Test Lot,Keele Camplus,Enabled,100
Test Lot,Keele Camplus,Enabled,100
Test Lot,Keele Camplus,Enabled,100
Test Lot,Keele Camplus,Enabled,100
Test Lot,Keele Camplus,Enabled,100
Test Lot,Keele Camplus,Enabled,100
Test Lot,Keele Camplus,Enabled,100
Test Lot,Keele Camplus,Enabled,100
Test Lot,Keele Camplus,Enabled,100
Test Lot,Keele Camplus,Enabled,100
Test Lot,Keele Camplus,Enabled,100
Test Lot,Keele Camplus,Enabled,100
Test Lot,Keele Camplus,Enabled,100
Test Lot,Keele Camplus,Enabled,100
Test Lot,Keele Camplus,Enabled,100
Test Lot,Keele Camplus,Enabled,100
Test Lot,Keele Camplus,Enabled,100
Test Lot,Keele Camplus,Enabled,100
Test Lot,Keele Camplus,Enabled,100
Test Lot,Keele Camplus,Enabled,100
Test Lot,Keele Camplus,Enabled,100
Test Lot,Keele Camplus,Enabled,100
Test Lot,Keele Camplus,Enabled,100
Test Lot,Keele Camplus,Enabled,100
Test Lot,Keele Camplus,Enabled,100
Test Lot1,Keele Camplus,Enabled,100
Test Lot,Keele Camplus,Enabled,100
Test Lot,Keele Camplus,Enabled,100
Test Lot,Keele Camplus,Enabled,100
Test Lot,Keele Camplus,Enabled,100
Test Lot,Keele Camplus,Enabled,100
Test Lot,Keele Camplus,Enabled,100
Test Lot,Keele Camplus,Enabled,100
New Lot,New Location,Enabled,100
Test Lookup,Test Location,Enabled,100
Test Lot,Keele Camplus,Enabled,100
Test Lot,Keele Camplus,Enabled,100
Test Lot,Keele Camplus,Enabled,100
Test Lot,Keele Camplus,Enabled,100
Test Lot,Keele Camplus,Enabled,100
Test Lot1,Keele Camplus,Enabled,100
Test Lot,Keele Camplus,Enabled,100
Test Lot,Keele Camplus,Enabled,100
Test Lot,Keele Camplus,Enabled,100
Test Lot,Keele Camplus,Enabled,100
Test Lot,Keele Camplus,Enabled,100
Test Lot,Keele Camplus,Enabled,100
Test Lot,Keele Camplus,Enabled,100
Test Lot,Keele Camplus,Enabled,100
Test Lot,Keele Camplus,Enabled,100
Test Lot,Keele Camplus,Enabled,100
Test Lot,Keele Camplus,Enabled,100
Test Lot,Keele Camplus,Enabled,100
Test Lot,Keele Camplus,Enabled,100
Test Lot,Keele Camplus,Enabled,100
Test Lot,Keele Camplus,Enabled,100
Test Lot,Keele Camplus,Enabled,100
Test Lot,Keele Camplus,Enabled,100
Test Lot,Keele Camplus,Enabled,100
Test Lot,Keele Camplus,Enabled,100
New Lot,New Location,Enabled,100
Test Lookup,Test Location,Enabled,100
Test Lot,Keele Camplus,Enabled,100
Test Lot,Keele Camplus,Enabled,100
Test Lot,Keele Camplus,Enabled,100
Test Lot,Keele Camplus,Enabled,100
Test Lot,Keele Camplus,Enabled,100
Test Lot,Keele Camplus,Enabled,100
Test Lot,Keele Camplus,Enabled,100
Test Lot,Keele Camplus,Enabled,100
Test Lot,Keele Camplus,Enabled,100
Test Lot,Keele Camplus,Enabled,100
Test Lot,Keele Camplus,Enabled,100
Test Lot,Keele Camplus,Enabled,100
New Lot,New Location,Enabled,100
Test Lookup,Test Location,Enabled,100
Test Lot,Keele Camplus,Enabled,100
Test Lot,Keele Camplus,Enabled,100
Test Lot,Keele Camplus,Enabled,100
Test Lot,Keele Camplus,Enabled,100
Test Lot,Keele Camplus,Enabled,100
Test Lot,Keele Camplus,Enabled,100
Test Lot,Keele Camplus,Enabled,100
Test Lot,Keele Camplus,Enabled,100
Test Lot,Keele Camplus,Enabled,100
Test Lot,Keele Camplus,Enabled,100
Test Lot,Keele Camplus,Enabled,100
Test Lot,Keele Camplus,Enabled,100
New Lot,New Location,Enabled,100
Test Lookup,Test Location,Enabled,100
Test Lot,Keele Camplus,Enabled,100
Test Lot,Keele Camplus,Enabled,100
Test Lot,Keele Camplus,Enabled,100
Test Lot,Keele Camplus,Enabled,100
Test Lot,Keele Camplus,Enabled,100
Test Lot,Keele Camplus,Enabled,100
Test Lot,Keele Camplus,Enabled,100
Test Lot,Keele Camplus,Enabled,100
Test Lot,Keele Camplus,Enabled,100
Test Lot,Keele Camplus,Enabled,100
Test Lot,Keele Camplus,Enabled,100
Test Lot,Keele Camplus,Enabled,100
Test Lot,Keele Camplus,Enabled,100
Test Lot,Keele Camplus,Enabled,100
Test Lot,Keele Camplus,Enabled,100
Test Lot,Keele Camplus,Enabled,100
Test Lot,Keele Camplus,Enabled,100
Test Lot,Keele Camplus,Enabled,100
Test Lot,Keele Camplus,Enabled,100
Test Lot,Keele Camplus,Enabled,100
Test Lot,Keele Camplus,Enabled,100
Test Lot,Keele Camplus,Enabled,100
Test Lot,Keele Camplus,Enabled,100
Test Lot,Keele Camplus,Enabled,100
Test Lot,Keele Camplus,Enabled,100
Test Lot,Keele Camplus,Enabled,100
Test Lot,Keele Camplus,Enabled,100
Test Lot,Keele Camplus,Enabled,100
Test Lot,Keele Camplus,Enabled,100
Test Lot,Keele Camplus,Enabled,100
Test Lot,Keele Camplus,Enabled,100
Test Lot,Keele Camplus,Enabled,100
Test Lot,Keele Camplus,Enabled,100
Test Lot,Keele Camplus,Enabled,100
Test Lot,Keele Camplus,Enabled,100
Test Lot,Keele Camplus,Enabled,100
Test Lot,Keele Camplus,Enabled,100
Test Lot,Keele Camplus,Enabled,100
Test Lot,Keele Camplus,Enabled,100
Test Lot,Keele Camplus,Enabled,100
Test Lot,Keele Camplus,Enabled,100
New Lot,New Location,Enabled,100
Test Lot,Keele Camplus,Enabled,100
Test Lookup,Test Location,Enabled,100
Test Lot,Keele Camplus,Enabled,100
Test Lot,Keele Camplus,Enabled,100
Test Lot,Keele Camplus,Enabled,100
Test Lot,Keele Camplus,Enabled,100
Test Lot,Keele Camplus,Enabled,100
Test Lot,Keele Camplus,Enabled,100
Test Lot,Keele Camplus,Enabled,100
Test Lot,Keele Camplus,Enabled,100
Test Lot,Keele Camplus,Enabled,100
Test Lot,Keele Camplus,Enabled,100
Test Lot,Keele Camplus,Enabled,100
Test Lot,Keele Camplus,Enabled,100
Test Lot,Keele Camplus,Enabled,100
Test Lot,Keele Camplus,Enabled,100
Test Lot,Keele Camplus,Enabled,100
Test Lot,Keele Camplus,Enabled,100
Test Lot,Keele Camplus,Enabled,100
Test Lot,Keele Camplus,Enabled,100
Test Lot,Keele Camplus,Enabled,100
Test Lot,Keele Camplus,Enabled,100
Test Lot,Keele Camplus,Enabled,100
Test Lot,Keele Camplus,Enabled,100
Test Lot,Keele Camplus,Enabled,100
Test Lot,Keele Camplus,Enabled,100
Test Lot,Keele Camplus,Enabled,100
Test Lot,Keele Camplus,Enabled,100
Test Lot,Keele Camplus,Enabled,100
Test Lot,Keele Camplus,Enabled,100
Test Lot,Keele Camplus,Enabled,100
Test Lot,Keele Camplus,Enabled,100
Test Lot,Keele Camplus,Enabled,100
New Lot,New Location,Enabled,100
Test Lookup,Test Location,Enabled,100
Test Lot,Keele Camplus,Enabled,100
Test Lot,Keele Camplus,Enabled,100
Test Lot,Keele Camplus,Enabled,100
Test Lot,Keele Camplus,Enabled,100
Test Lot,Keele Camplus,Enabled,100
Test Lot,Keele Camplus,Enabled,100
Test Lot,Keele Camplus,Enabled,100
Test Lot,Keele Camplus,Enabled,100
Test Lot,Keele Camplus,Enabled,100
Test Lot,Keele Camplus,Enabled,100
Test Lot,Keele Camplus,Enabled,100
Test Lot,Keele Camplus,Enabled,100
Test Lot,Keele Camplus,Enabled,100
New Lot,New Location,Enabled,100
Test Lookup,Test Location,Enabled,100
Test Lot,Keele Camplus,Enabled,100
Test Lot,Keele Camplus,Enabled,100
Test Lot,Keele Camplus,Enabled,100
Test Lot,Keele Camplus,Enabled,100
Test Lot,Keele Camplus,Enabled,100
Test Lot,Keele Camplus,Enabled,100
Test Lot,Keele Camplus,Enabled,100
Test Lot,Keele Camplus,Enabled,100
Test Lot,Keele Camplus,Enabled,100
Test Lot,Keele Camplus,Enabled,100
Test Lot,Keele Camplus,Enabled,100
Test Lot,Keele Camplus,Enabled,100
Test Lot,Keele Camplus,Enabled,100
